{
	"moscow": {
		"level0": {

		},
		"level1": {
			"matrix3": [
				[0.779856, 	-0.220179, 	0.585957],
				[0.625959, 	0.274312, 	-0.73002],
				[0, 			 0.936095, 	0.351746],
				[-0.000348553, -510.089, 	-1096.02]
			],
			"screen_origin": {
				"x": -136.474,
				"y": 76.7665,
				"z": -329.477
			},
			"aspect": 7.03432
		},
		"level2": {
			"matrix3": [
				[0.792888,-0.502878,0.344154],
				[0.609367,0.654328,-0.447802],
				[0,0.564773,0.825246],
				[-0.000946045,0.00146484,-1033.15]
			],
			"screen_origin": {
				"x": -39.5382,
				"y": 22.2402,
				"z": -95.4536
			},
			"aspect": 24.2803
		}
	}
}